{"v":"5.7.6","fr":60,"ip":0,"op":128,"w":850,"h":600,"nm":"Tail","ddd":0,"assets":[{"id":"comp_0","layers":[{"ddd":0,"ind":1,"ty":4,"nm":"tail tip","parent":2,"sr":1,"ks":{"o":{"a":0,"k":100,"ix":11},"r":{"a":1,"k":[{"i":{"x":[0.58],"y":[1]},"o":{"x":[0.42],"y":[0]},"t":0,"s":[0]},{"i":{"x":[0.58],"y":[1]},"o":{"x":[0.42],"y":[0]},"t":31,"s":[34]},{"i":{"x":[0.58],"y":[1]},"o":{"x":[0.42],"y":[0]},"t":60,"s":[-23]},{"i":{"x":[0.58],"y":[1]},"o":{"x":[0.42],"y":[0]},"t":84,"s":[0]},{"i":{"x":[0.58],"y":[1]},"o":{"x":[0.42],"y":[0]},"t":106,"s":[-4.287]},{"t":127,"s":[0]}],"ix":10},"p":{"a":1,"k":[{"i":{"x":0.58,"y":1},"o":{"x":0.42,"y":0},"t":0,"s":[-31.261,-3.906,0],"to":[0.64,-0.488,0],"ti":[0.583,-0.805,0]},{"i":{"x":0.58,"y":1},"o":{"x":0.42,"y":0},"t":31,"s":[-27.419,-6.831,0],"to":[-0.583,0.805,0],"ti":[0.64,-0.488,0]},{"i":{"x":0.58,"y":1},"o":{"x":0.42,"y":0},"t":60,"s":[-34.76,0.924,0],"to":[-0.379,0.289,0],"ti":[-0.031,0.042,0]},{"i":{"x":0.58,"y":1},"o":{"x":0.42,"y":0},"t":84,"s":[-31.261,-3.906,0],"to":[0.583,-0.805,0],"ti":[-1.069,1.407,0]},{"i":{"x":0.58,"y":1},"o":{"x":0.42,"y":0},"t":106,"s":[-31.785,-3.214,0],"to":[0.293,-0.385,0],"ti":[-0.143,0.198,0]},{"t":127,"s":[-31.261,-3.906,0]}],"ix":2,"l":2},"a":{"a":0,"k":[11.923,4.376,0],"ix":1,"l":2},"s":{"a":0,"k":[100,100,100],"ix":6,"l":2}},"ao":0,"shapes":[{"ty":"gr","it":[{"ind":0,"ty":"sh","ix":1,"ks":{"a":0,"k":{"i":[[-7.349,10.008],[-13.135,-6.023],[5.798,-5.023]],"o":[[4.303,-5.855],[0.031,8.519],[-15.937,-6.292]],"v":[[-13.322,-11.431],[15.687,-6.314],[5.974,14.052]],"c":true},"ix":2},"nm":"Path 1","mn":"ADBE Vector Shape - Group","hd":false},{"ty":"fl","c":{"a":0,"k":[0.960784316063,0.921568632126,0.866666674614,1],"ix":4},"o":{"a":0,"k":100,"ix":5},"r":1,"bm":0,"nm":"Fill 1","mn":"ADBE Vector Graphic - Fill","hd":false},{"ty":"tr","p":{"a":0,"k":[0,0],"ix":2},"a":{"a":0,"k":[0,0],"ix":1},"s":{"a":0,"k":[102.564,102.564],"ix":3},"r":{"a":0,"k":0,"ix":6},"o":{"a":0,"k":100,"ix":7},"sk":{"a":0,"k":0,"ix":4},"sa":{"a":0,"k":0,"ix":5},"nm":"Transform"}],"nm":"Vector","np":2,"cix":2,"bm":0,"ix":1,"mn":"ADBE Vector Group","hd":false}],"ip":0,"op":1200,"st":0,"bm":0},{"ddd":0,"ind":2,"ty":4,"nm":"tail","sr":1,"ks":{"o":{"a":0,"k":100,"ix":11},"r":{"a":1,"k":[{"i":{"x":[0.58],"y":[1]},"o":{"x":[0.42],"y":[0]},"t":0,"s":[-3]},{"i":{"x":[0.58],"y":[1]},"o":{"x":[0.42],"y":[0]},"t":31,"s":[16.041]},{"i":{"x":[0.58],"y":[1]},"o":{"x":[0.42],"y":[0]},"t":60,"s":[-2.902]},{"i":{"x":[0.58],"y":[1]},"o":{"x":[0.42],"y":[0]},"t":84,"s":[0.041]},{"i":{"x":[0.58],"y":[1]},"o":{"x":[0.42],"y":[0]},"t":106,"s":[-4]},{"t":127,"s":[-3]}],"ix":10},"p":{"a":0,"k":[105.812,168.817,0],"ix":2,"l":2},"a":{"a":0,"k":[25.812,10.331,0],"ix":1,"l":2},"s":{"a":0,"k":[100,100,100],"ix":6,"l":2}},"ao":0,"shapes":[{"ty":"gr","it":[{"ind":0,"ty":"sh","ix":1,"ks":{"a":1,"k":[{"i":{"x":0.58,"y":1},"o":{"x":0.42,"y":0},"t":0,"s":[{"i":[[-14.273,-1.001],[-0.116,-0.156],[0,0],[25.645,7.506],[7.894,3.64],[-11.385,-7.19]],"o":[[0,0],[0.04,-4.309],[0,0],[-7.812,-2.289],[-10.599,-2.824],[13.298,5.242]],"v":[[7.228,14.445],[29.827,15.527],[26.975,1.611],[-2.261,-4.494],[-26.417,-14.389],[-36.131,5.976]],"c":true}]},{"i":{"x":0.58,"y":1},"o":{"x":0.42,"y":0},"t":31,"s":[{"i":[[-13.787,-1.773],[-0.362,-0.321],[0,0],[8.489,3.446],[6.553,10.964],[-4.76,-5.883]],"o":[[10.424,1.341],[0.587,-4.269],[0,0],[-8.211,-3.333],[-7.565,-0.203],[10.337,12.777]],"v":[[1.36,19.176],[32.489,13.651],[26.975,1.611],[2.52,1.106],[-19.858,-16.275],[-35.522,-0.286]],"c":true}]},{"i":{"x":0.58,"y":1},"o":{"x":0.42,"y":0},"t":60,"s":[{"i":[[-1.993,-0.048],[0.613,-0.182],[0,0],[11.812,1.834],[9.823,1.364],[-1.68,-1.061]],"o":[[0,0],[-0.17,-4.293],[0,0],[-1.178,-0.222],[-7.36,1.723],[1.962,0.774]],"v":[[1.816,14.197],[30.325,15.606],[26.972,1.663],[-0.824,-3.912],[-34.64,-9.785],[-39.397,11.536]],"c":true}]},{"i":{"x":0.58,"y":1},"o":{"x":0.42,"y":0},"t":84,"s":[{"i":[[-14.273,-1.001],[0.015,-0.21],[0,0],[25.645,7.506],[7.894,3.64],[-11.385,-7.19]],"o":[[0,0],[0.328,-4.296],[0,0],[-7.812,-2.289],[-10.599,-2.824],[13.298,5.242]],"v":[[7.228,14.445],[31.189,15.332],[26.975,1.611],[-2.261,-4.494],[-26.417,-14.389],[-36.131,5.976]],"c":true}]},{"i":{"x":0.58,"y":1},"o":{"x":0.42,"y":0},"t":106,"s":[{"i":[[-13.187,-0.916],[0.068,-0.207],[0,0],[24.421,7.004],[8.064,3.439],[-10.527,-6.647]],"o":[[0,0],[0.284,-4.296],[0,0],[-7.225,-2.106],[-10.313,-2.422],[12.295,4.846]],"v":[[6.749,14.424],[31.112,15.356],[26.975,1.616],[-2.134,-4.443],[-27.144,-13.982],[-36.42,6.468]],"c":true}]},{"t":127,"s":[{"i":[[-14.273,-1.001],[-0.116,-0.156],[0,0],[25.645,7.506],[7.894,3.64],[-11.385,-7.19]],"o":[[0,0],[0.04,-4.309],[0,0],[-7.812,-2.289],[-10.599,-2.824],[13.298,5.242]],"v":[[7.228,14.445],[29.827,15.527],[26.975,1.611],[-2.261,-4.494],[-26.417,-14.389],[-36.131,5.976]],"c":true}]}],"ix":2},"nm":"Path 1","mn":"ADBE Vector Shape - Group","hd":false},{"ty":"fl","c":{"a":0,"k":[0.925000011921,0.610499978065,0,1],"ix":4},"o":{"a":0,"k":100,"ix":5},"r":1,"bm":0,"nm":"Fill 1","mn":"ADBE Vector Graphic - Fill","hd":false},{"ty":"tr","p":{"a":0,"k":[0,0],"ix":2},"a":{"a":0,"k":[0,0],"ix":1},"s":{"a":0,"k":[102.564,102.564],"ix":3},"r":{"a":0,"k":0,"ix":6},"o":{"a":0,"k":100,"ix":7},"sk":{"a":0,"k":0,"ix":4},"sa":{"a":0,"k":0,"ix":5},"nm":"Transform"}],"nm":"Vector","np":2,"cix":2,"bm":0,"ix":1,"mn":"ADBE Vector Group","hd":false}],"ip":0,"op":1200,"st":0,"bm":0}]}],"layers":[{"ddd":0,"ind":1,"ty":0,"nm":"Tail-","refId":"comp_0","sr":1,"ks":{"o":{"a":0,"k":100,"ix":11},"r":{"a":0,"k":0,"ix":10},"p":{"a":0,"k":[680,501,0],"ix":2,"l":2},"a":{"a":0,"k":[170,100,0],"ix":1,"l":2},"s":{"a":0,"k":[100,100,100],"ix":6,"l":2}},"ao":0,"w":340,"h":200,"ip":0,"op":1200,"st":0,"bm":0}],"markers":[]}