{"v":"5.5.7","meta":{"g":"LottieFiles AE ","a":"","k":"","d":"","tc":""},"fr":60,"ip":0,"op":165,"w":235,"h":264,"nm":"Illustration 2","ddd":0,"assets":[],"layers":[{"ddd":0,"ind":1,"ty":4,"nm":"broom-line","parent":2,"sr":1,"ks":{"o":{"a":0,"k":100,"ix":11},"r":{"a":0,"k":0,"ix":10},"p":{"a":0,"k":[0,-20.25,0],"ix":2},"a":{"a":0,"k":[0,0,0],"ix":1},"s":{"a":0,"k":[100,100,100],"ix":6}},"ao":0,"shapes":[{"ty":"gr","it":[{"ind":0,"ty":"sh","ix":1,"ks":{"a":1,"k":[{"i":{"x":0.24,"y":1},"o":{"x":0.76,"y":0},"t":8.627,"s":[{"i":[[0,0],[0,0],[0,0],[0,0]],"o":[[0,0],[0,0],[0,0],[0,0]],"v":[[-27.777,-6.203],[-35.12,7.939],[35.993,5.57],[28.49,-7.794]],"c":true}]},{"i":{"x":0.24,"y":1},"o":{"x":0.76,"y":0},"t":35,"s":[{"i":[[0,0],[0,0],[0,0],[0,0]],"o":[[0,0],[0,0],[0,0],[0,0]],"v":[[-28.882,-7.299],[-37.799,6.723],[30.925,6.388],[24.322,-8.097]],"c":true}]},{"i":{"x":0.24,"y":1},"o":{"x":0.76,"y":0},"t":63,"s":[{"i":[[0,0],[0,0],[0,0],[0,0]],"o":[[0,0],[0,0],[0,0],[0,0]],"v":[[-25.74,-6.243],[-33.225,7.721],[38.461,5.282],[30.15,-8.653]],"c":true}]},{"i":{"x":0.24,"y":1},"o":{"x":0.76,"y":0},"t":91,"s":[{"i":[[0,0],[0,0],[0,0],[0,0]],"o":[[0,0],[0,0],[0,0],[0,0]],"v":[[-28.882,-7.299],[-37.799,6.723],[30.925,6.388],[24.322,-8.097]],"c":true}]},{"i":{"x":0.24,"y":1},"o":{"x":0.76,"y":0},"t":118,"s":[{"i":[[0,0],[0,0],[0,0],[0,0]],"o":[[0,0],[0,0],[0,0],[0,0]],"v":[[-25.74,-6.243],[-33.225,7.721],[38.708,6.078],[30.15,-8.653]],"c":true}]},{"i":{"x":0.58,"y":1},"o":{"x":0.76,"y":0},"t":144.061,"s":[{"i":[[0,0],[0,0],[0,0],[0,0]],"o":[[0,0],[0,0],[0,0],[0,0]],"v":[[-28.708,-6.568],[-36.677,7.679],[34.049,6.003],[27.169,-7.568]],"c":true}]},{"t":164,"s":[{"i":[[0,0],[0,0],[0,0],[0,0]],"o":[[0,0],[0,0],[0,0],[0,0]],"v":[[-27.777,-6.203],[-35.12,7.939],[35.993,5.57],[28.49,-7.794]],"c":true}]}],"ix":2},"nm":"Path 1","mn":"ADBE Vector Shape - Group","hd":false},{"ty":"fl","c":{"a":0,"k":[0.958333313465,0.655579686165,0.067881941795,1],"ix":4},"o":{"a":0,"k":100,"ix":5},"r":1,"bm":0,"nm":"Fill 1","mn":"ADBE Vector Graphic - Fill","hd":false},{"ty":"tr","p":{"a":0,"k":[0,0],"ix":2},"a":{"a":0,"k":[0,0],"ix":1},"s":{"a":0,"k":[100,100],"ix":3},"r":{"a":0,"k":0,"ix":6},"o":{"a":0,"k":100,"ix":7},"sk":{"a":0,"k":0,"ix":4},"sa":{"a":0,"k":0,"ix":5},"nm":"Transform"}],"nm":"Vector 46","np":2,"cix":2,"bm":0,"ix":1,"mn":"ADBE Vector Group","hd":false}],"ip":0,"op":1200,"st":0,"bm":0},{"ddd":0,"ind":2,"ty":4,"nm":"broom","parent":3,"sr":1,"ks":{"o":{"a":0,"k":100,"ix":11},"r":{"a":0,"k":0,"ix":10},"p":{"a":0,"k":[0,47.75,0],"ix":2},"a":{"a":0,"k":[0,0,0],"ix":1},"s":{"a":0,"k":[-100,100,100],"ix":6}},"ao":0,"shapes":[{"ty":"gr","it":[{"ind":0,"ty":"sh","ix":1,"ks":{"a":1,"k":[{"i":{"x":0.24,"y":1},"o":{"x":0.76,"y":0},"t":8.627,"s":[{"i":[[31.546,15.656],[0,0],[0,0],[-10.78,-30.666]],"o":[[4.925,-21.211],[0,0],[0,0],[-20.63,14.413]],"v":[[-56.24,34.262],[-20,-41.5],[20,-41.5],[60.211,33.366]],"c":true}]},{"i":{"x":0.24,"y":1},"o":{"x":0.76,"y":0},"t":35,"s":[{"i":[[38.2,16.849],[0,0],[0,0],[-24.682,-24.869]],"o":[[-16.074,-15.064],[0,0],[0,0],[-16.688,16.144]],"v":[[-52.618,42.282],[-20,-41.5],[20,-41.5],[56.497,23.048]],"c":true}]},{"i":{"x":0.24,"y":1},"o":{"x":0.76,"y":0},"t":63,"s":[{"i":[[27.166,24.178],[0,0],[0,0],[10.472,-38.022]],"o":[[31.939,-20.167],[0,0],[0,0],[-24.183,12.854]],"v":[[-64.722,22.761],[-20,-41.5],[20,-41.5],[50.271,42.892]],"c":true}]},{"i":{"x":0.24,"y":1},"o":{"x":0.76,"y":0},"t":91,"s":[{"i":[[38.2,16.849],[0,0],[0,0],[-24.682,-24.869]],"o":[[-16.074,-15.064],[0,0],[0,0],[-16.688,16.144]],"v":[[-52.618,42.282],[-20,-41.5],[20,-41.5],[56.497,23.048]],"c":true}]},{"i":{"x":0.24,"y":1},"o":{"x":0.76,"y":0},"t":118,"s":[{"i":[[27.166,24.178],[0,0],[0,0],[10.472,-38.022]],"o":[[31.939,-20.167],[0,0],[0,0],[-24.183,12.854]],"v":[[-64.722,22.761],[-20,-41.5],[20,-41.5],[50.271,42.892]],"c":true}]},{"i":{"x":0.833,"y":1},"o":{"x":0.76,"y":0},"t":144.061,"s":[{"i":[[33.505,16.007],[0,0],[0,0],[-14.872,-28.959]],"o":[[-1.257,-19.401],[0,0],[0,0],[-19.47,14.923]],"v":[[-55.608,34.158],[-20,-41.5],[20,-41.5],[60.336,33.851]],"c":true}]},{"t":164,"s":[{"i":[[31.546,15.656],[0,0],[0,0],[-10.78,-30.666]],"o":[[4.925,-21.211],[0,0],[0,0],[-20.63,14.413]],"v":[[-56.24,34.262],[-20,-41.5],[20,-41.5],[60.211,33.366]],"c":true}]}],"ix":2},"nm":"Path 1","mn":"ADBE Vector Shape - Group","hd":false},{"ty":"fl","c":{"a":0,"k":[1,0.745098054409,0.129411771894,1],"ix":4},"o":{"a":0,"k":100,"ix":5},"r":1,"bm":0,"nm":"Fill 1","mn":"ADBE Vector Graphic - Fill","hd":false},{"ty":"tr","p":{"a":0,"k":[0,0],"ix":2},"a":{"a":0,"k":[0,0],"ix":1},"s":{"a":0,"k":[100,100],"ix":3},"r":{"a":0,"k":0,"ix":6},"o":{"a":0,"k":100,"ix":7},"sk":{"a":0,"k":0,"ix":4},"sa":{"a":0,"k":0,"ix":5},"nm":"Transform"}],"nm":"Vector 45","np":2,"cix":2,"bm":0,"ix":1,"mn":"ADBE Vector Group","hd":false}],"ip":0,"op":1200,"st":0,"bm":0},{"ddd":0,"ind":3,"ty":4,"nm":"stick-bottom","parent":4,"sr":1,"ks":{"o":{"a":0,"k":100,"ix":11},"r":{"a":0,"k":0,"ix":10},"p":{"a":0,"k":[0,83.75,0],"ix":2},"a":{"a":0,"k":[0,0,0],"ix":1},"s":{"a":0,"k":[100,100,100],"ix":6}},"ao":0,"shapes":[{"ty":"gr","it":[{"ind":0,"ty":"sh","ix":1,"ks":{"a":0,"k":{"i":[[0,0],[0,0],[0,0],[0,0]],"o":[[0,0],[0,0],[0,0],[0,0]],"v":[[20,6],[20,-6],[-20,-6],[-20,6]],"c":true},"ix":2},"nm":"Path 1","mn":"ADBE Vector Shape - Group","hd":false},{"ty":"fl","c":{"a":0,"k":[0.383553981781,0.197708308697,0.912500023842,1],"ix":4},"o":{"a":0,"k":100,"ix":5},"r":1,"bm":0,"nm":"Fill 1","mn":"ADBE Vector Graphic - Fill","hd":false},{"ty":"tr","p":{"a":0,"k":[0,0],"ix":2},"a":{"a":0,"k":[0,0],"ix":1},"s":{"a":0,"k":[100,100],"ix":3},"r":{"a":0,"k":0,"ix":6},"o":{"a":0,"k":100,"ix":7},"sk":{"a":0,"k":0,"ix":4},"sa":{"a":0,"k":0,"ix":5},"nm":"Transform"}],"nm":"Vector","np":2,"cix":2,"bm":0,"ix":1,"mn":"ADBE Vector Group","hd":false}],"ip":0,"op":1200,"st":0,"bm":0},{"ddd":0,"ind":4,"ty":4,"nm":"stick","sr":1,"ks":{"o":{"a":0,"k":100,"ix":11},"r":{"a":1,"k":[{"i":{"x":[0.24],"y":[1]},"o":{"x":[0.76],"y":[0]},"t":0,"s":[0.522]},{"i":{"x":[0.24],"y":[1]},"o":{"x":[0.76],"y":[0]},"t":11.215,"s":[-1]},{"i":{"x":[0.24],"y":[1]},"o":{"x":[0.76],"y":[0]},"t":34.506,"s":[10]},{"i":{"x":[0.24],"y":[1]},"o":{"x":[0.76],"y":[0]},"t":62.971,"s":[-10]},{"i":{"x":[0.24],"y":[1]},"o":{"x":[0.76],"y":[0]},"t":91.439,"s":[10]},{"i":{"x":[0.24],"y":[1]},"o":{"x":[0.76],"y":[0]},"t":121.631,"s":[-3]},{"t":147.51171875,"s":[0.522]}],"ix":10},"p":{"a":0,"k":[143.5,81.75,0],"ix":2},"a":{"a":0,"k":[0,0,0],"ix":1},"s":{"a":0,"k":[-100,100,100],"ix":6}},"ao":0,"shapes":[{"ty":"gr","it":[{"ind":0,"ty":"sh","ix":1,"ks":{"a":0,"k":{"i":[[0,0],[0,0]],"o":[[0,0],[0,0]],"v":[[0,-77.75],[0,77.75]],"c":false},"ix":2},"nm":"Path 1","mn":"ADBE Vector Shape - Group","hd":false},{"ty":"st","c":{"a":0,"k":[0.383553981781,0.197708308697,0.912500023842,1],"ix":3},"o":{"a":0,"k":100,"ix":4},"w":{"a":0,"k":6.924,"ix":5},"lc":1,"lj":1,"ml":4,"bm":0,"nm":"Stroke 1","mn":"ADBE Vector Graphic - Stroke","hd":false},{"ty":"tr","p":{"a":0,"k":[0,0],"ix":2},"a":{"a":0,"k":[0,0],"ix":1},"s":{"a":0,"k":[100,100],"ix":3},"r":{"a":0,"k":0,"ix":6},"o":{"a":0,"k":100,"ix":7},"sk":{"a":0,"k":0,"ix":4},"sa":{"a":0,"k":0,"ix":5},"nm":"Transform"}],"nm":"Vector","np":2,"cix":2,"bm":0,"ix":1,"mn":"ADBE Vector Group","hd":false}],"ip":0,"op":1200,"st":0,"bm":0},{"ddd":0,"ind":5,"ty":4,"nm":"dast 3","sr":1,"ks":{"o":{"a":1,"k":[{"i":{"x":[0.58],"y":[1]},"o":{"x":[0.42],"y":[0]},"t":15,"s":[0]},{"i":{"x":[0.58],"y":[1]},"o":{"x":[0.42],"y":[0]},"t":28,"s":[40]},{"i":{"x":[0.58],"y":[1]},"o":{"x":[0.42],"y":[0]},"t":39,"s":[40]},{"i":{"x":[0.58],"y":[1]},"o":{"x":[0.42],"y":[0]},"t":48,"s":[0]},{"i":{"x":[0.58],"y":[1]},"o":{"x":[0.42],"y":[0]},"t":77,"s":[0]},{"i":{"x":[0.58],"y":[1]},"o":{"x":[0.42],"y":[0]},"t":90,"s":[40]},{"i":{"x":[0.58],"y":[1]},"o":{"x":[0.42],"y":[0]},"t":101,"s":[40]},{"t":110,"s":[0]}],"ix":11},"r":{"a":0,"k":0,"ix":10},"p":{"a":1,"k":[{"i":{"x":0.58,"y":1},"o":{"x":0.42,"y":0},"t":15,"s":[52.5,212,0],"to":[-2.917,-1.5,0],"ti":[2.917,1.5,0]},{"i":{"x":0.58,"y":1},"o":{"x":0.42,"y":0},"t":49,"s":[35,203,0],"to":[0,0,0],"ti":[0,0,0]},{"i":{"x":0.58,"y":1},"o":{"x":0.42,"y":0},"t":77,"s":[52.5,212,0],"to":[-2.917,-1.5,0],"ti":[2.917,1.5,0]},{"t":111,"s":[35,203,0]}],"ix":2},"a":{"a":0,"k":[99.5,66.5,0],"ix":1},"s":{"a":1,"k":[{"i":{"x":[0.58,0.58,0.58],"y":[1,1,1]},"o":{"x":[0.42,0.42,0.42],"y":[0,0,0]},"t":49,"s":[58.333,58.333,100]},{"t":77,"s":[98.333,98.333,100]}],"ix":6}},"ao":0,"shapes":[{"ty":"gr","it":[{"d":1,"ty":"el","s":{"a":0,"k":[24,24],"ix":2},"p":{"a":0,"k":[0,0],"ix":3},"nm":"Ellipse Path 1","mn":"ADBE Vector Shape - Ellipse","hd":false},{"ty":"fl","c":{"a":0,"k":[0.870216878255,0.768244485294,1,1],"ix":4},"o":{"a":0,"k":100,"ix":5},"r":1,"bm":0,"nm":"Fill 1","mn":"ADBE Vector Graphic - Fill","hd":false},{"ty":"tr","p":{"a":0,"k":[99.5,66.5],"ix":2},"a":{"a":0,"k":[0,0],"ix":1},"s":{"a":0,"k":[100,100],"ix":3},"r":{"a":0,"k":0,"ix":6},"o":{"a":0,"k":100,"ix":7},"sk":{"a":0,"k":0,"ix":4},"sa":{"a":0,"k":0,"ix":5},"nm":"Transform"}],"nm":"Ellipse 1","np":3,"cix":2,"bm":0,"ix":1,"mn":"ADBE Vector Group","hd":false}],"ip":0,"op":1200,"st":0,"bm":0},{"ddd":0,"ind":6,"ty":4,"nm":"dast 2","sr":1,"ks":{"o":{"a":1,"k":[{"i":{"x":[0.58],"y":[1]},"o":{"x":[0.42],"y":[0]},"t":15,"s":[0]},{"i":{"x":[0.58],"y":[1]},"o":{"x":[0.42],"y":[0]},"t":28,"s":[40]},{"i":{"x":[0.58],"y":[1]},"o":{"x":[0.42],"y":[0]},"t":39,"s":[40]},{"i":{"x":[0.58],"y":[1]},"o":{"x":[0.42],"y":[0]},"t":48,"s":[0]},{"i":{"x":[0.58],"y":[1]},"o":{"x":[0.42],"y":[0]},"t":77,"s":[0]},{"i":{"x":[0.58],"y":[1]},"o":{"x":[0.42],"y":[0]},"t":90,"s":[40]},{"i":{"x":[0.58],"y":[1]},"o":{"x":[0.42],"y":[0]},"t":101,"s":[40]},{"t":110,"s":[0]}],"ix":11},"r":{"a":0,"k":0,"ix":10},"p":{"a":1,"k":[{"i":{"x":0.58,"y":1},"o":{"x":0.42,"y":0},"t":15,"s":[41.5,221,0],"to":[-5,-2.5,0],"ti":[5,2.5,0]},{"i":{"x":0.58,"y":1},"o":{"x":0.42,"y":0},"t":49,"s":[11.5,206,0],"to":[0,0,0],"ti":[0,0,0]},{"i":{"x":0.58,"y":1},"o":{"x":0.42,"y":0},"t":77,"s":[41.5,221,0],"to":[-5,-2.5,0],"ti":[5,2.5,0]},{"t":111,"s":[11.5,206,0]}],"ix":2},"a":{"a":0,"k":[99.5,66.5,0],"ix":1},"s":{"a":1,"k":[{"i":{"x":[0.58,0.58,0.58],"y":[1,1,1]},"o":{"x":[0.42,0.42,0.42],"y":[0,0,0]},"t":49,"s":[100,100,100]},{"t":77,"s":[50,50,100]}],"ix":6}},"ao":0,"shapes":[{"ty":"gr","it":[{"d":1,"ty":"el","s":{"a":0,"k":[24,24],"ix":2},"p":{"a":0,"k":[0,0],"ix":3},"nm":"Ellipse Path 1","mn":"ADBE Vector Shape - Ellipse","hd":false},{"ty":"fl","c":{"a":0,"k":[0.870216878255,0.768244485294,1,1],"ix":4},"o":{"a":0,"k":100,"ix":5},"r":1,"bm":0,"nm":"Fill 1","mn":"ADBE Vector Graphic - Fill","hd":false},{"ty":"tr","p":{"a":0,"k":[99.5,66.5],"ix":2},"a":{"a":0,"k":[0,0],"ix":1},"s":{"a":0,"k":[100,100],"ix":3},"r":{"a":0,"k":0,"ix":6},"o":{"a":0,"k":100,"ix":7},"sk":{"a":0,"k":0,"ix":4},"sa":{"a":0,"k":0,"ix":5},"nm":"Transform"}],"nm":"Ellipse 1","np":3,"cix":2,"bm":0,"ix":1,"mn":"ADBE Vector Group","hd":false}],"ip":0,"op":1200,"st":0,"bm":0},{"ddd":0,"ind":7,"ty":4,"nm":"dast","sr":1,"ks":{"o":{"a":1,"k":[{"i":{"x":[0.58],"y":[1]},"o":{"x":[0.42],"y":[0]},"t":15,"s":[0]},{"i":{"x":[0.58],"y":[1]},"o":{"x":[0.42],"y":[0]},"t":28,"s":[40]},{"i":{"x":[0.58],"y":[1]},"o":{"x":[0.42],"y":[0]},"t":39,"s":[40]},{"i":{"x":[0.58],"y":[1]},"o":{"x":[0.42],"y":[0]},"t":48,"s":[0]},{"i":{"x":[0.58],"y":[1]},"o":{"x":[0.42],"y":[0]},"t":77,"s":[0]},{"i":{"x":[0.58],"y":[1]},"o":{"x":[0.42],"y":[0]},"t":90,"s":[40]},{"i":{"x":[0.58],"y":[1]},"o":{"x":[0.42],"y":[0]},"t":101,"s":[40]},{"t":110,"s":[0]}],"ix":11},"r":{"a":0,"k":0,"ix":10},"p":{"a":1,"k":[{"i":{"x":0.58,"y":1},"o":{"x":0.42,"y":0},"t":15,"s":[60,230.5,0],"to":[-4.167,-1.75,0],"ti":[4.167,1.75,0]},{"i":{"x":0.58,"y":1},"o":{"x":0.42,"y":0},"t":49,"s":[35,220,0],"to":[0,0,0],"ti":[0,0,0]},{"i":{"x":0.58,"y":1},"o":{"x":0.42,"y":0},"t":77,"s":[60,230.5,0],"to":[-4.167,-1.75,0],"ti":[4.167,1.75,0]},{"t":111,"s":[35,220,0]}],"ix":2},"a":{"a":0,"k":[99.5,66.5,0],"ix":1},"s":{"a":1,"k":[{"i":{"x":[0.58,0.58,0.58],"y":[1,1,1]},"o":{"x":[0.42,0.42,0.42],"y":[0,0,0]},"t":49,"s":[120.833,120.833,100]},{"t":77,"s":[110.833,110.833,100]}],"ix":6}},"ao":0,"shapes":[{"ty":"gr","it":[{"d":1,"ty":"el","s":{"a":0,"k":[24,24],"ix":2},"p":{"a":0,"k":[0,0],"ix":3},"nm":"Ellipse Path 1","mn":"ADBE Vector Shape - Ellipse","hd":false},{"ty":"fl","c":{"a":0,"k":[0.870216878255,0.768244485294,1,1],"ix":4},"o":{"a":0,"k":100,"ix":5},"r":1,"bm":0,"nm":"Fill 1","mn":"ADBE Vector Graphic - Fill","hd":false},{"ty":"tr","p":{"a":0,"k":[99.5,66.5],"ix":2},"a":{"a":0,"k":[0,0],"ix":1},"s":{"a":0,"k":[100,100],"ix":3},"r":{"a":0,"k":0,"ix":6},"o":{"a":0,"k":100,"ix":7},"sk":{"a":0,"k":0,"ix":4},"sa":{"a":0,"k":0,"ix":5},"nm":"Transform"}],"nm":"Ellipse 1","np":3,"cix":2,"bm":0,"ix":1,"mn":"ADBE Vector Group","hd":false}],"ip":0,"op":1200,"st":0,"bm":0}],"markers":[]}